player_name,team_name,primary_position,position_group,minutes,xg_per90,shots_per90,key_passes_per90,passes_per90,pass_completion_pct,dribbles_per90,recoveries_per90,def_actions_per90,xg_per90_pct,shots_per90_pct,key_passes_per90_pct,passes_per90_pct,pass_completion_pct_pct,dribbles_per90_pct,recoveries_per90_pct,def_actions_per90_pct
Abdelkarim Hassan Al Haj Fadlalla,Qatar,Left Center Back,DEF,287.0,0.086,1.88,0.313,49.495,79.1,0.94,3.759,8.771,85.7,100.0,60.7,51.4,33.2,76.4,67.9,47.1
Abdou Diallo,Senegal,Left Center Back,DEF,348.0,0.009,0.258,0.258,47.26,77.6,0.0,1.291,6.973,37.5,37.9,53.6,42.1,28.6,16.1,3.6,18.6
Abdul Rahman Baba,Ghana,Left Wing Back,DEF,214.0,0.0,0.0,0.842,43.379,68.0,2.106,2.527,9.265,13.9,13.9,84.3,31.4,5.7,96.4,33.6,58.6
Abdulelah Al Amri,Saudi Arabia,Right Center Back,DEF,211.0,0.016,0.427,0.0,43.142,75.2,0.0,6.407,14.95,47.9,53.6,23.2,30.7,19.6,16.1,97.9,98.6
Achraf Dari,Morocco,Left Center Back,DEF,200.0,0.188,0.449,0.0,48.03,89.7,0.0,3.591,13.466,96.4,57.5,23.2,46.4,81.4,16.1,61.4,95.7
Achraf Hakimi Mouh,Morocco,Right Back,DEF,699.0,0.018,0.515,0.773,48.927,82.6,1.03,5.536,8.755,51.4,67.1,82.9,47.9,45.0,78.6,90.7,45.0
Alex Sandro Lobo Silva,Brazil,Left Back,DEF,203.0,0.01,0.444,0.444,74.963,88.8,0.887,6.21,11.976,38.9,56.4,68.6,90.7,77.1,74.3,97.1,87.1
Ali Abdi,Tunisia,Left Wing Back,DEF,214.0,0.0,0.0,0.421,45.905,66.1,1.263,5.896,18.109,13.9,13.9,66.4,37.1,2.1,84.3,92.9,100.0
Ali Albulayhi,Saudi Arabia,Left Center Back,DEF,236.0,0.0,0.0,0.0,33.898,79.8,0.0,2.666,7.237,13.9,13.9,23.2,10.0,35.0,16.1,37.9,22.9
Alistair Johnston,Canada,Right Back,DEF,285.0,0.212,0.632,1.264,59.073,83.4,0.0,4.423,7.898,99.3,75.0,95.0,69.3,47.9,16.1,82.1,31.1
Andreas Christensen,Denmark,Left Center Back,DEF,291.0,0.163,0.619,0.0,77.373,94.4,0.309,3.404,9.904,93.6,73.6,23.2,93.6,97.1,47.5,57.9,67.9
Andrija Živković,Serbia,Right Wing Back,DEF,212.0,0.013,0.424,0.849,42.008,73.7,0.424,4.243,8.911,42.1,52.9,85.0,26.4,15.7,55.7,77.1,51.4
Angelo Smit Preciado Quiñónez,Ecuador,Right Back,DEF,275.0,0.023,1.311,0.655,42.264,75.2,0.328,5.897,9.174,53.9,97.1,78.9,27.1,19.6,51.4,93.6,55.7
Antonee Robinson,United States,Left Back,DEF,386.0,0.0,0.0,0.699,55.915,72.9,1.631,7.222,8.154,13.9,13.9,80.7,62.1,14.3,90.7,99.3,34.3
Antonio Rüdiger,Germany,Left Center Back,DEF,294.0,0.202,1.837,0.0,75.612,91.9,0.0,4.898,5.51,97.1,99.3,23.2,91.4,90.4,16.1,85.7,6.4
Aymeric Laporte,Spain,Left Center Back,DEF,320.0,0.012,0.282,0.282,120.845,94.2,0.282,1.408,5.07,40.7,39.3,55.7,98.6,96.4,42.9,5.0,4.3
Aziz Eraltay Behich,Australia,Left Back,DEF,387.0,0.03,0.465,0.0,47.454,75.5,2.326,3.722,7.211,58.9,59.6,23.2,43.6,21.1,97.1,65.7,22.1
Bartosz Bereszyński,Poland,Left Back,DEF,365.0,0.0,0.0,0.0,36.956,80.7,1.725,3.696,9.609,13.9,13.9,23.2,17.1,39.3,92.1,64.3,63.6
Ben Davies,Wales,Left Center Back,DEF,261.0,0.132,1.033,0.0,55.109,75.6,1.033,6.2,9.644,92.9,93.6,23.2,60.7,22.1,79.3,96.4,65.0
Borna Sosa,Croatia,Left Back,DEF,440.0,0.01,0.409,0.409,56.403,80.4,1.431,2.861,9.196,38.9,52.1,65.0,62.9,37.5,88.6,41.4,56.4
Boualem Khoukhi,Qatar,Center Back,DEF,287.0,0.0,0.0,0.0,60.773,86.1,0.313,5.012,13.157,13.9,13.9,23.2,74.3,62.9,50.0,87.9,95.0
Bryan Oviedo,Costa Rica,Left Wing Back,DEF,270.0,0.0,0.0,0.0,29.678,76.4,0.0,2.334,8.67,13.9,13.9,23.2,5.7,23.9,16.1,29.3,43.6
Chris Mepham,Wales,Right Center Back,DEF,297.0,0.0,0.0,0.607,51.567,84.1,0.0,2.123,9.1,13.9,13.9,76.4,55.0,51.4,16.1,24.3,54.6
Connor Roberts,Wales,Right Wing Back,DEF,216.0,0.0,0.0,0.417,49.675,77.3,0.417,2.922,8.766,13.9,13.9,65.7,52.1,26.4,55.0,42.9,46.4
Cristian Gabriel Romero,Argentina,Right Center Back,DEF,578.0,0.0,0.0,0.0,57.944,88.7,0.312,2.96,9.346,13.9,13.9,23.2,65.7,76.1,48.9,46.4,60.0
César Jasib Montes Castro,Mexico,Right Center Back,DEF,291.0,0.031,0.309,0.309,59.341,84.9,0.618,1.854,9.272,60.0,45.4,59.6,70.0,56.8,66.4,17.1,59.3
Daley Blind,Netherlands,Left Wing Back,DEF,452.0,0.104,0.995,0.199,60.477,85.5,0.398,2.586,8.156,89.3,91.4,49.3,73.6,60.0,53.6,35.0,35.0
Daniel Amartey,Ghana,Right Center Back,DEF,301.0,0.0,0.0,0.896,41.833,92.1,0.299,3.586,9.861,13.9,13.9,87.1,25.7,91.4,45.0,60.7,67.1
Danilo Luiz da Silva,Brazil,Left Back,DEF,373.0,0.008,0.483,0.0,64.424,86.9,0.241,2.654,4.584,36.4,63.6,23.2,82.1,68.2,41.4,37.1,2.9
David Raum,Germany,Left Back,DEF,250.0,0.0,0.0,2.516,69.369,78.2,1.078,3.594,12.22,13.9,13.9,100.0,87.9,31.4,82.1,62.1,90.0
Dayotchanculle Upamecano,France,Left Center Back,DEF,520.0,0.0,0.0,0.173,59.689,88.4,0.173,2.941,11.419,13.9,13.9,47.9,72.1,73.6,33.6,44.3,82.1
Dejan Lovren,Croatia,Right Center Back,DEF,631.0,0.054,0.571,0.0,64.765,89.6,0.0,1.569,9.558,75.4,70.0,23.2,83.6,80.4,16.1,8.9,62.9
Denzel Dumfries,Netherlands,Right Wing Back,DEF,516.0,0.049,0.349,0.0,38.009,67.9,1.046,1.744,7.846,72.5,50.0,23.2,21.4,5.0,80.0,12.9,30.0
Felix Eduardo Torres Caicedo,Ecuador,Right Center Back,DEF,288.0,0.048,0.312,0.0,62.123,79.9,0.312,1.873,8.741,71.1,47.1,23.2,78.2,35.7,48.9,17.9,44.3
Filip Kostić,Serbia,Left Wing Back,DEF,191.0,0.006,0.471,0.471,52.72,65.2,0.471,5.178,5.178,34.6,62.1,71.4,57.1,1.4,57.9,88.6,5.0
Francisco Javier Calvo Quesada,Costa Rica,Left Center Back,DEF,194.0,0.007,0.463,0.0,46.759,84.2,1.852,4.63,8.796,35.7,58.6,23.2,40.0,52.9,92.9,83.6,48.6
Guillermo Varela Olivera,Uruguay,Right Back,DEF,211.0,0.0,0.0,0.427,38.87,68.1,0.854,0.854,6.834,13.9,13.9,67.1,22.1,6.4,73.6,2.1,16.4
Harry Maguire,England,Left Center Back,DEF,452.0,0.098,1.195,0.0,81.239,86.5,0.597,2.987,8.761,87.9,94.3,23.2,95.7,65.0,62.1,47.9,45.7
Harry Souttar,Australia,Right Center Back,DEF,387.0,0.016,0.233,0.233,37.917,82.8,0.0,2.326,12.096,47.9,35.0,51.1,20.7,46.1,16.1,27.9,88.6
Hassan Mohammed Al-Tambakti,Saudi Arabia,Right Center Back,DEF,201.0,0.0,0.0,0.0,21.897,75.5,0.0,1.787,11.619,13.9,13.9,23.2,1.4,21.1,16.1,13.6,83.6
Homam Alamin Ahmed,Qatar,Left Wing Back,DEF,273.0,0.0,0.0,0.66,33.968,74.8,1.979,2.968,2.968,13.9,13.9,80.0,10.7,17.9,95.0,47.1,0.7
Héctor Alfredo Moreno Herrera,Mexico,Left Center Back,DEF,292.0,0.055,0.309,0.309,58.971,86.9,0.0,3.705,6.792,76.4,45.4,59.6,68.6,68.2,16.1,65.0,15.7
Ibrahima Konaté,France,Left Center Back,DEF,333.0,0.048,0.541,0.541,61.677,91.7,0.0,4.058,11.903,71.1,69.3,73.6,75.7,89.3,16.1,73.6,85.7
Ismaeel Mohammad Mohammad,Qatar,Right Wing Back,DEF,180.0,0.179,0.998,0.0,33.444,79.1,0.499,1.997,7.488,95.4,92.1,23.2,9.3,33.2,59.3,21.4,26.4
Ismail Jakobs,Senegal,Left Back,DEF,296.0,0.004,0.304,1.214,47.656,66.9,0.304,3.035,8.196,31.4,43.6,93.6,44.3,2.9,46.4,48.6,35.7
Jakub Piotr Kiwior,Poland,Left Center Back,DEF,377.0,0.03,0.239,0.0,48.022,84.1,0.0,1.911,6.929,58.9,35.7,23.2,45.7,51.4,16.1,18.6,17.9
Jan Vertonghen,Belgium,Left Center Back,DEF,284.0,0.034,0.633,0.0,83.603,89.8,0.0,3.167,9.5,62.1,75.7,23.2,96.4,82.9,16.1,51.4,61.4
Jawad El Yamiq,Morocco,Right Center Back,DEF,302.0,0.019,0.298,0.0,47.666,89.4,0.0,3.873,11.023,52.1,40.7,23.2,45.0,79.3,16.1,70.7,78.6
Jean-Charles Castelletto,Cameroon,Right Center Back,DEF,192.0,0.418,0.468,0.0,36.486,80.8,0.468,3.742,13.098,100.0,60.7,23.2,16.4,40.0,56.8,66.4,93.6
Jesús Daniel Gallardo Vasconcelos,Mexico,Left Back,DEF,292.0,0.02,0.309,0.617,42.607,70.3,0.617,4.322,8.336,52.9,45.4,77.1,28.6,8.9,65.7,79.6,38.6
Jin-Su Kim,South Korea,Left Back,DEF,340.0,0.075,0.794,1.059,37.313,72.3,0.529,3.176,10.056,81.8,83.6,90.7,17.9,12.9,60.7,52.1,68.6
Joachim Andersen,Denmark,Right Center Back,DEF,291.0,0.045,1.238,0.0,75.825,81.2,0.309,4.023,11.142,68.9,95.0,23.2,92.1,41.8,47.5,72.9,80.7
Joakim Mæhle,Denmark,Left Wing Back,DEF,264.0,0.014,0.682,0.341,49.413,82.8,2.045,3.749,11.927,43.6,79.3,62.9,50.0,46.1,95.7,67.1,86.4
Joe Rodon,Wales,Center Back,DEF,297.0,0.0,0.0,0.0,49.141,90.7,0.0,1.517,9.1,13.9,13.9,23.2,49.3,86.4,16.1,7.1,54.6
John Stones,England,Right Center Back,DEF,465.0,0.114,0.774,0.194,87.097,95.6,0.194,1.935,4.839,90.7,82.9,48.6,97.9,99.3,35.0,19.3,3.6
Jordi Alba Ramos,Spain,Left Back,DEF,271.0,0.015,0.665,0.998,123.392,88.7,1.33,4.989,6.652,45.4,77.9,89.3,99.3,76.1,85.7,87.1,12.1
Jorge Eduardo Sánchez Ramos,Mexico,Right Back,DEF,183.0,0.003,0.492,0.0,42.272,83.7,1.966,2.458,9.831,29.6,65.0,23.2,27.9,48.6,94.3,31.4,66.4
Josip Juranović,Croatia,Right Back,DEF,631.0,0.006,0.143,0.856,57.917,80.3,0.571,4.565,8.131,34.6,28.6,85.7,65.0,36.4,61.4,82.9,33.6
José Diogo Dalot Teixeira,Portugal,Right Back,DEF,270.0,0.012,0.334,1.001,47.368,81.0,1.334,2.001,10.341,40.7,49.3,90.0,42.9,40.7,86.8,22.1,73.6
José María Giménez de Vargas,Uruguay,Right Center Back,DEF,298.0,0.039,0.906,0.302,50.419,83.8,0.604,1.811,12.076,67.1,87.1,57.1,52.9,49.6,63.6,14.3,87.9
João Pedro Cavaco Cancelo,Portugal,Right Back,DEF,344.0,0.014,0.524,0.262,70.419,83.3,3.141,6.545,8.639,43.6,68.6,54.3,88.6,47.1,100.0,98.6,42.9
Joško Gvardiol,Croatia,Left Center Back,DEF,727.0,0.023,0.248,0.124,63.127,90.8,0.248,4.332,11.511,53.9,37.1,47.1,80.0,87.1,42.1,80.7,82.9
Jules Koundé,France,Right Back,DEF,599.0,0.025,0.601,0.3,46.262,83.8,0.601,2.253,6.759,55.7,72.9,56.4,37.9,49.6,62.9,27.1,14.3
Junya Ito,Japan,Right Wing Back,DEF,350.0,0.028,0.514,0.772,25.207,64.3,1.543,3.858,8.231,57.5,66.4,82.1,2.1,0.7,90.0,69.3,36.4
Jurriën David Norman Timber,Netherlands,Right Center Back,DEF,416.0,0.0,0.0,0.0,68.349,90.5,1.081,3.244,11.247,13.9,13.9,23.2,86.4,84.3,82.9,54.3,81.4
Kalidou Koulibaly,Senegal,Right Center Back,DEF,387.0,0.054,0.232,0.232,45.558,77.6,0.232,4.649,14.644,75.4,34.3,50.0,36.4,28.6,39.3,84.3,97.9
Kamal Miller,Canada,Left Center Back,DEF,285.0,0.0,0.0,0.0,62.864,92.5,0.632,3.475,10.425,13.9,13.9,23.2,79.3,92.9,67.1,58.9,74.3
Kamil Glik,Poland,Right Center Back,DEF,389.0,0.035,0.694,0.0,30.069,93.8,0.0,1.619,10.177,63.6,81.1,23.2,6.4,95.7,16.1,10.7,72.5
Kaoru Mitoma,Japan,Left Wing Back,DEF,190.0,0.026,0.475,0.949,34.652,74.0,1.899,4.272,9.019,56.4,62.9,87.9,12.1,16.4,93.6,78.6,52.1
Kendall Jamaal Waston Manley,Costa Rica,Right Center Back,DEF,249.0,0.036,0.361,0.0,27.787,84.4,0.0,0.722,12.269,64.6,50.7,23.2,2.9,54.3,16.1,0.7,90.7
Keysher Fuller Spence,Costa Rica,Right Wing Back,DEF,268.0,0.105,1.008,0.336,20.493,70.5,0.672,2.688,7.391,90.0,92.9,62.1,0.7,10.0,69.3,39.3,25.0
Kieran Trippier,England,Right Back,DEF,227.0,0.017,0.397,1.19,77.347,84.6,0.397,3.57,5.95,50.4,51.4,92.9,92.9,55.0,52.9,60.0,9.3
Kléper Laveran Lima Ferreira,Portugal,Right Center Back,DEF,389.0,0.077,0.694,0.0,68.217,85.4,0.231,4.162,8.325,82.9,81.1,23.2,85.7,59.3,38.2,76.4,37.9
Ko Itakura,Japan,Right Center Back,DEF,292.0,0.05,0.926,0.0,34.271,91.9,0.926,1.852,10.497,73.9,88.6,23.2,11.4,90.4,75.0,16.4,75.0
Kye Rowles,Australia,Left Center Back,DEF,387.0,0.0,0.0,0.0,45.361,87.2,0.0,0.93,8.374,13.9,13.9,23.2,35.0,69.3,16.1,2.9,40.0
Kyle Walker,England,Right Back,DEF,252.0,0.0,0.0,0.0,63.34,89.8,1.074,2.863,7.157,13.9,13.9,23.2,80.7,82.9,80.7,42.1,20.7
Lisandro Martínez,Argentina,Left Center Back,DEF,396.0,0.075,0.227,0.0,34.974,85.7,0.0,1.363,7.494,81.8,31.4,23.2,13.6,61.1,16.1,4.3,27.1
Luke Shaw,England,Left Back,DEF,457.0,0.017,0.591,1.378,79.134,84.3,0.197,2.953,4.528,50.4,71.4,97.1,95.0,53.6,35.7,45.7,2.1
Manuel Obafemi Akanji,Switzerland,Right Center Back,DEF,386.0,0.206,0.931,0.233,59.379,89.8,0.233,2.329,7.684,98.6,89.3,51.1,70.7,82.9,40.0,28.6,29.3
Marcos Aoás Corrêa,Brazil,Right Center Back,DEF,458.0,0.015,0.196,0.982,70.5,96.1,0.393,2.946,6.088,45.4,30.0,88.6,89.3,100.0,52.1,45.0,10.0
Marcos Javier Acuña,Argentina,Left Back,DEF,418.0,0.016,0.431,1.077,46.722,78.3,1.077,4.091,9.258,47.9,55.0,91.4,39.3,32.1,81.4,75.4,57.9
Mathías Olivera Miramontes,Uruguay,Left Back,DEF,264.0,0.028,0.683,2.048,45.392,81.2,0.683,5.461,15.017,57.5,80.0,99.3,35.7,41.8,70.7,90.0,99.3
Matty Cash,Poland,Right Back,DEF,390.0,0.005,0.231,0.462,36.018,77.6,0.231,1.847,8.774,33.2,33.6,70.4,15.7,28.6,38.2,15.7,47.9
Maya Yoshida,Japan,Center Back,DEF,416.0,0.0,0.0,0.0,49.111,88.5,0.649,1.947,12.332,13.9,13.9,23.2,48.6,75.0,68.6,20.7,91.4
Milad Mohammadi,Iran,Left Back,DEF,211.0,0.0,0.0,0.0,28.165,68.2,1.28,1.707,10.669,13.9,13.9,23.2,3.6,7.1,85.0,11.4,75.7
Milos Veljkovic,Serbia,Center Back,DEF,229.0,0.0,0.0,0.0,44.056,88.4,0.0,1.573,7.08,13.9,13.9,23.2,33.6,73.6,16.1,10.0,19.3
Miloš Degenek,Australia,Right Back,DEF,202.0,0.0,0.0,0.0,43.132,71.1,1.334,3.113,12.451,13.9,13.9,23.2,30.0,11.1,86.8,50.0,92.1
Min Jae Kim,South Korea,Right Center Back,DEF,283.0,0.034,0.636,0.0,59.47,88.2,0.318,3.816,7.633,62.1,76.4,23.2,71.4,72.1,50.7,68.6,28.6
Mohamed Salisu,Ghana,Left Center Back,DEF,301.0,0.128,0.598,0.0,44.522,71.1,0.0,2.39,13.745,92.1,72.1,23.2,34.3,11.1,16.1,30.7,96.4
Montassar Omar Talbi,Tunisia,Left Center Back,DEF,297.0,0.004,0.303,0.0,40.357,86.5,0.303,4.855,14.262,31.4,42.5,23.2,23.6,65.0,45.7,85.0,97.1
Moon-Hwan Kim,South Korea,Right Back,DEF,390.0,0.0,0.0,0.462,55.889,84.7,0.693,4.388,10.162,13.9,13.9,70.4,61.4,55.7,71.4,81.4,71.4
Morteza Pouraliganji,Iran,Left Center Back,DEF,305.0,0.079,0.59,0.59,37.758,72.7,0.0,2.36,8.26,83.6,70.7,75.0,19.3,13.6,16.1,30.0,37.1
Nahuel Molina Lucero,Argentina,Right Back,DEF,655.0,0.067,0.275,0.275,49.435,82.2,0.412,2.609,6.591,79.3,38.6,55.0,50.7,44.3,54.3,35.7,11.4
Nathan Aké,Netherlands,Left Center Back,DEF,513.0,0.0,0.0,0.0,61.766,90.6,0.0,2.106,10.177,13.9,13.9,23.2,76.4,85.4,16.1,23.6,72.5
Nayef Aguerd,Morocco,Right Center Back,DEF,369.0,0.061,0.244,0.244,37.551,86.4,0.0,1.463,7.559,77.9,36.4,52.9,18.6,63.6,16.1,6.4,27.9
Neco Williams,Wales,Left Wing Back,DEF,216.0,0.032,1.253,0.0,40.51,73.2,2.923,7.935,10.858,60.7,96.4,23.2,24.3,15.0,99.3,100.0,77.1
Ngoran Suiru Fai Collins,Cameroon,Right Back,DEF,291.0,0.003,0.309,0.618,46.978,67.8,0.0,3.091,7.109,29.6,45.4,77.9,41.4,4.3,16.1,49.3,20.0
Nico Elvedi,Switzerland,Left Center Back,DEF,192.0,0.089,0.469,0.0,66.059,93.6,0.0,2.811,13.118,86.4,61.4,23.2,84.3,95.0,16.1,40.0,94.3
Nicolas Alexis Julio N'Koulou Ndoubena,Cameroon,Left Center Back,DEF,192.0,0.179,1.403,0.0,43.503,84.9,0.468,5.613,8.888,95.4,97.9,23.2,32.1,56.8,56.8,92.1,50.0
Nicolás Alejandro Tagliafico,Argentina,Left Back,DEF,400.0,0.205,0.675,0.45,40.95,84.1,0.675,2.925,8.55,97.9,78.6,69.3,25.0,51.4,70.0,43.6,42.1
Nicolás Hernán Otamendi,Argentina,Left Center Back,DEF,789.0,0.005,0.114,0.114,64.457,93.5,0.0,3.194,8.898,33.2,27.9,46.4,82.9,94.3,16.1,52.9,50.7
Niklas Süle,Germany,Right Center Back,DEF,288.0,0.024,0.313,0.0,78.86,92.5,0.0,4.068,5.946,55.0,47.9,23.2,94.3,92.9,16.1,74.3,8.6
Nikola Milenković,Serbia,Right Center Back,DEF,294.0,0.038,0.92,0.0,48.127,86.6,0.0,1.839,11.649,66.1,87.9,23.2,47.1,66.8,16.1,15.0,84.3
Nouhou Tolo,Cameroon,Left Back,DEF,292.0,0.0,0.0,0.0,32.615,76.4,0.615,2.462,11.077,13.9,13.9,23.2,7.9,23.9,65.0,32.1,79.3
Noussair Mazraoui,Morocco,Left Back,DEF,376.0,0.036,0.957,0.239,28.94,85.1,0.478,3.348,10.763,64.6,90.0,52.1,4.3,57.9,58.6,56.4,76.4
Pedro Miguel Correia,Qatar,Right Center Back,DEF,273.0,0.012,0.659,0.0,37.912,72.2,0.989,3.297,6.923,40.7,77.1,23.2,20.0,12.1,77.9,55.0,17.1
Pervis Josué Estupiñán Tenorio,Ecuador,Left Back,DEF,287.0,0.085,0.627,1.253,58.6,78.1,2.507,5.327,8.461,84.6,74.3,94.3,66.4,30.4,98.6,89.3,40.7
Piero Martín Hincapié Reyna,Ecuador,Left Center Back,DEF,288.0,0.0,0.0,0.0,62.123,85.9,0.0,2.497,9.053,13.9,13.9,23.2,78.2,62.1,16.1,32.9,53.6
Ramin Rezaeian,Iran,Right Back,DEF,202.0,0.103,0.891,1.337,46.782,67.6,1.337,3.119,11.139,88.6,86.4,96.4,40.7,3.6,87.9,50.7,80.0
Raphaël Adelino José Guerreiro,Portugal,Left Back,DEF,304.0,0.118,0.889,1.186,56.621,85.3,0.296,2.668,3.854,91.4,85.7,92.1,63.6,58.6,44.3,38.6,1.4
Raphaël Varane,France,Right Center Back,DEF,629.0,0.038,0.429,0.0,40.044,89.6,0.143,1.43,5.578,66.1,54.3,23.2,22.9,80.4,32.1,5.7,7.1
Rasmus Nissen Kristensen,Denmark,Right Wing Back,DEF,234.0,0.0,0.0,0.384,68.403,78.1,1.537,1.537,9.223,13.9,13.9,64.3,87.1,30.4,89.3,7.9,57.1
Ricardo Iván Rodríguez Araya,Switzerland,Left Back,DEF,380.0,0.0,0.0,0.473,53.735,75.8,0.237,2.841,6.391,13.9,13.9,72.1,57.9,22.9,40.7,40.7,10.7
Rodrigo Hernández Cascante,Spain,Right Center Back,DEF,416.0,0.001,0.216,0.864,146.723,94.8,0.0,4.322,6.699,27.9,30.7,86.4,100.0,97.9,16.1,79.6,13.6
Romain Saïss,Morocco,Left Center Back,DEF,523.0,0.097,0.172,0.0,33.187,81.9,0.172,2.063,9.457,87.1,29.3,23.2,8.6,42.9,32.9,22.9,60.7
Rúben Santos Gato Alves Dias,Portugal,Left Center Back,DEF,392.0,0.009,0.229,0.0,61.025,92.5,0.0,3.212,6.653,37.5,32.1,23.2,75.0,92.9,16.1,53.6,12.9
Saud Abdullah Abdul Hamid,Saudi Arabia,Right Back,DEF,298.0,0.002,0.302,0.603,35.879,76.5,1.206,3.618,9.045,28.6,41.4,75.7,15.0,25.0,83.6,63.6,52.9
Sebastián Coates Nión,Uruguay,Left Center Back,DEF,200.0,0.046,0.449,0.0,43.585,80.4,0.0,3.595,5.392,70.0,57.5,23.2,32.9,37.5,16.1,62.9,5.7
Sergino Dest,United States,Right Back,DEF,308.0,0.074,1.756,0.585,58.81,86.6,2.341,4.974,8.485,80.7,98.6,74.3,67.1,66.8,97.9,86.4,41.4
Seyed Majid Hosseini,Iran,Right Center Back,DEF,305.0,0.0,0.0,0.0,31.858,80.6,0.295,5.9,8.85,13.9,13.9,23.2,7.1,38.6,43.6,94.3,49.3
Shogo Taniguchi,Japan,Left Center Back,DEF,222.0,0.071,0.813,0.0,34.944,88.4,0.0,0.813,8.126,80.0,84.3,23.2,12.9,73.6,16.1,1.4,32.9
Silvan Widmer,Switzerland,Right Back,DEF,282.0,0.016,0.319,0.319,52.378,77.4,0.0,2.236,11.817,47.9,48.6,61.4,56.4,27.1,16.1,26.4,85.0
Steven de Sousa Vitoria,Canada,Right Center Back,DEF,285.0,0.0,0.0,0.0,57.81,87.4,0.0,3.475,7.898,13.9,13.9,23.2,64.3,70.7,16.1,58.9,31.1
Strahinja Pavlović,Serbia,Left Center Back,DEF,253.0,0.063,0.712,0.0,54.114,79.6,0.712,6.052,9.612,78.6,82.1,23.2,59.3,34.3,72.1,95.7,64.3
Takehiro Tomiyasu,Japan,Right Center Back,DEF,206.0,0.0,0.0,1.311,42.836,74.5,0.0,2.186,10.928,13.9,13.9,95.7,29.3,17.1,16.1,25.0,77.9
Theo Bernard François Hernández,France,Left Back,DEF,549.0,0.043,0.82,1.64,54.456,87.3,0.984,3.937,8.365,67.9,85.0,97.9,60.0,70.0,77.1,72.1,39.3
Thiago Emiliano da Silva,Brazil,Left Center Back,DEF,412.0,0.045,0.436,0.655,73.109,95.5,0.218,2.619,7.202,68.9,55.7,78.9,90.0,98.6,36.4,36.4,21.4
Thomas Meunier,Belgium,Right Back,DEF,217.0,0.049,1.243,0.828,58.813,76.8,0.828,3.313,9.526,72.5,95.7,83.6,67.9,25.7,72.9,55.7,62.1
Tim Ream,United States,Left Center Back,DEF,391.0,0.059,0.23,0.0,62.101,89.3,0.23,3.91,10.12,77.1,32.9,23.2,77.1,78.6,37.1,71.4,70.0
Timothy Castagne,Belgium,Left Back,DEF,284.0,0.0,0.0,0.0,63.652,87.6,0.633,2.217,7.284,13.9,13.9,23.2,81.4,71.4,67.9,25.7,23.6
Toby Alderweireld,Belgium,Right Center Back,DEF,284.0,0.0,0.0,0.0,84.553,91.4,0.0,2.533,10.134,13.9,13.9,23.2,97.1,88.6,16.1,34.3,70.7
Virgil van Dijk,Netherlands,Center Back,DEF,516.0,0.034,0.523,0.349,59.802,88.9,0.174,1.569,9.764,62.1,67.9,63.6,72.9,77.9,34.3,8.9,65.7
Walker Zimmerman,United States,Right Center Back,DEF,310.0,0.016,0.29,0.0,67.602,91.0,0.0,1.741,12.186,47.9,40.0,23.2,85.0,87.9,16.1,12.1,89.3
Yahia Attiyat allah,Morocco,Left Back,DEF,353.0,0.085,0.51,0.765,35.204,70.3,0.51,5.612,7.908,84.6,65.7,81.4,14.3,8.9,60.0,91.4,32.1
Yassine Meriah,Tunisia,Center Back,DEF,297.0,0.014,0.303,0.303,50.978,82.1,0.607,4.248,13.048,43.6,42.5,57.9,54.3,43.6,64.3,77.9,92.9
Young-Gwon Kim,South Korea,Left Center Back,DEF,372.0,0.167,0.484,0.484,50.861,85.7,0.0,1.938,6.781,94.3,64.3,72.9,53.6,61.1,16.1,20.0,15.0
Youssouf Sabaly,Senegal,Right Back,DEF,387.0,0.004,0.465,1.86,51.601,86.5,0.93,6.043,7.438,31.4,59.6,98.6,55.7,65.0,75.7,95.0,25.7
Yuto Nagatomo,Japan,Left Wing Back,DEF,210.0,0.0,0.0,0.429,46.33,75.0,1.716,3.861,7.293,13.9,13.9,67.9,38.6,18.6,91.4,70.0,24.3
Éder Gabriel Militão,Brazil,Right Back,DEF,462.0,0.05,0.974,0.0,53.961,90.6,0.0,4.091,5.844,73.9,90.7,23.2,58.6,85.4,16.1,75.4,7.9
Óscar Esau Duarte Gaitán,Costa Rica,Right Center Back,DEF,294.0,0.0,0.0,0.306,29.654,70.1,0.0,3.363,10.088,13.9,13.9,58.6,5.0,7.9,16.1,57.1,69.3
Akram Hassan Afif,Qatar,Left Center Forward,FWD,287.0,0.009,0.627,1.566,52.001,84.9,2.193,5.325,0.94,1.3,7.8,83.1,98.7,97.4,62.3,90.9,1.3
Aleksandar Mitrović,Serbia,Center Forward,FWD,279.0,0.484,3.223,0.322,21.597,77.6,0.322,2.256,8.703,85.7,83.1,24.7,36.4,74.0,7.8,19.5,83.1
Almoez Ali Zainalabiddin Abdulla,Qatar,Right Center Forward,FWD,231.0,0.188,1.167,0.0,17.891,78.3,1.556,2.334,7.001,48.1,24.7,7.1,18.2,80.5,45.5,23.4,67.5
Andrej Kramarić,Croatia,Center Forward,FWD,478.0,0.205,1.883,0.942,32.58,87.3,1.318,2.448,2.637,50.6,49.4,61.0,72.7,98.7,29.9,28.6,9.1
Boulaye Dia,Senegal,Center Forward,FWD,330.0,0.181,2.182,0.273,14.455,73.6,1.636,2.455,3.818,46.8,62.3,19.5,5.2,48.1,46.8,29.9,28.6
Breel-Donald Embolo,Switzerland,Center Forward,FWD,330.0,0.652,1.635,0.545,17.989,75.8,1.09,1.635,5.451,96.1,44.2,44.2,19.5,61.0,25.3,7.8,42.9
Bruno Miguel Borges Fernandes,Portugal,Right Wing,FWD,385.0,0.241,1.871,1.403,54.014,80.5,1.403,3.507,7.249,62.3,48.1,74.0,100.0,88.3,36.4,61.0,70.1
Bruno Petković,Croatia,Center Forward,FWD,256.0,0.035,0.352,1.409,28.18,55.0,1.057,3.17,7.75,6.5,2.6,75.3,58.4,3.9,23.4,50.6,79.2
Bryan Mbeumo,Cameroon,Right Wing,FWD,224.0,0.054,0.803,2.008,32.53,64.2,2.811,4.016,6.827,14.3,14.3,92.2,71.4,13.0,71.4,74.0,64.9
Bukayo Saka,England,Right Wing,FWD,291.0,0.179,2.163,1.545,34.295,75.7,1.545,2.781,6.179,45.5,59.7,81.8,76.6,59.7,44.2,41.6,50.6
Christian Pulisic,United States,Left Wing,FWD,334.0,0.307,2.425,1.886,37.455,60.4,3.503,5.389,3.772,71.4,70.1,90.9,83.1,7.8,80.5,92.2,26.0
Cristiano Ronaldo dos Santos Aveiro,Portugal,Center Forward,FWD,303.0,0.577,3.271,1.189,26.759,74.4,0.892,1.784,2.973,90.9,84.4,68.8,54.5,50.0,20.8,9.1,13.0
Daichi Kamada,Japan,Left Wing,FWD,337.0,0.112,1.601,0.267,27.758,79.8,1.868,1.868,4.804,33.8,41.6,18.2,55.8,84.4,51.9,13.0,33.8
Daizen Maeda,Japan,Center Forward,FWD,181.0,0.266,0.994,0.0,8.945,44.4,0.0,1.988,9.442,67.5,19.5,7.1,1.3,1.3,3.9,16.9,92.2
Daniel Olmo Carvajal,Spain,Left Wing,FWD,388.0,0.251,2.782,0.696,45.44,81.6,4.173,4.637,5.1,65.6,76.6,48.1,97.4,90.3,92.2,84.4,37.7
Darwin Gabriel Núñez Ribeiro,Uruguay,Left Wing,FWD,249.0,0.078,1.083,0.361,19.495,66.7,1.444,2.888,7.581,23.4,23.4,29.9,23.4,20.8,37.7,45.5,75.3
Enner Remberto Valencia Lastra,Ecuador,Left Wing,FWD,261.0,0.663,3.101,1.034,17.573,76.5,2.412,4.479,8.614,97.4,81.8,64.9,15.6,64.9,67.5,81.8,81.8
Ernesto Alexis Vega Rojas,Mexico,Left Wing,FWD,194.0,0.321,4.171,0.463,25.026,70.4,1.39,7.415,6.488,72.7,96.8,40.3,48.1,34.4,34.4,98.7,58.4
Facundo Pellistri Rebollo,Uruguay,Right Wing,FWD,191.0,0.047,0.47,1.411,21.171,77.8,2.823,2.823,8.468,11.7,5.2,76.6,32.5,75.3,72.7,43.5,80.5
Ferrán Torres García,Spain,Right Wing,FWD,226.0,0.401,1.594,0.399,34.278,72.1,3.986,3.189,2.79,80.5,40.3,33.8,75.3,42.9,88.3,51.9,10.4
Gareth Frank Bale,Wales,Right Center Forward,FWD,248.0,0.293,0.727,0.727,19.984,61.8,1.09,1.817,5.087,70.1,13.0,50.6,27.3,10.4,25.3,11.7,36.4
Gonzalo Jordy Plata Jiménez,Ecuador,Right Wing,FWD,281.0,0.034,0.64,0.64,33.262,75.0,3.198,2.559,6.077,5.2,9.1,45.5,74.0,53.9,76.6,32.5,49.4
Gue-Sung Cho,South Korea,Center Forward,FWD,297.0,0.216,2.421,0.303,18.157,65.0,0.908,2.421,7.263,51.9,68.8,20.8,20.8,15.6,22.1,26.0,72.7
Hakim Ziyech,Morocco,Right Wing,FWD,664.0,0.042,1.355,0.813,40.663,70.0,4.066,3.795,6.777,9.7,32.5,55.8,90.9,31.2,90.9,68.8,62.3
Harry Kane,England,Center Forward,FWD,421.0,0.498,2.564,0.427,20.726,66.0,1.496,2.564,5.769,88.3,72.7,37.7,29.9,19.5,40.3,33.8,46.8
Heung-Min Son,South Korea,Left Wing,FWD,390.0,0.105,2.079,1.155,28.176,68.9,2.079,3.233,3.464,32.5,55.8,66.2,57.1,26.0,61.0,55.8,20.8
Hirving Rodrigo Lozano Bahena,Mexico,Right Wing,FWD,267.0,0.081,2.02,2.694,24.916,55.4,2.02,5.724,9.091,26.0,53.2,100.0,46.8,5.2,58.4,93.5,88.3
Ismaïla Sarr,Senegal,Left Wing,FWD,365.0,0.456,2.464,1.479,19.962,70.4,3.204,4.189,5.175,83.8,71.4,79.2,26.0,34.4,77.9,77.9,39.0
Issam Jebali,Tunisia,Center Forward,FWD,196.0,0.272,1.375,0.917,16.964,78.4,1.834,3.668,11.921,68.8,33.8,58.4,13.0,81.8,50.6,64.9,100.0
Ivan Perišić,Croatia,Left Wing,FWD,755.0,0.09,1.908,0.716,36.258,70.4,2.028,2.624,7.156,28.6,50.6,49.4,80.5,34.4,59.7,36.4,68.8
Iñaki Williams Arthuer,Ghana,Center Forward,FWD,273.0,0.042,0.66,0.33,14.516,75.0,1.32,3.629,6.268,9.7,10.4,26.0,6.5,53.9,31.2,62.3,54.5
Jackson Irvine,Australia,Left Center Forward,FWD,374.0,0.08,0.723,0.241,31.068,82.9,0.482,2.649,9.393,24.7,11.7,15.6,66.2,94.8,11.7,37.7,90.9
Jamal Musiala,Germany,Left Wing,FWD,274.0,0.379,3.613,2.299,38.431,80.3,10.839,7.226,5.255,79.2,90.9,96.1,88.3,87.0,100.0,97.4,41.6
Jean-Eric Maxim Choupo-Moting,Cameroon,Center Forward,FWD,270.0,0.175,1.0,0.667,23.0,68.1,2.0,3.0,4.667,42.9,20.8,46.8,44.2,23.4,55.8,48.1,32.5
Jesper Lindstrøm,Denmark,Left Wing,FWD,213.0,0.141,1.265,0.0,22.774,70.4,5.483,2.53,7.591,40.3,28.6,7.1,41.6,34.4,97.4,31.2,77.9
Joel Nathaniel Campbell Samuels,Costa Rica,Right Wing,FWD,292.0,0.016,0.308,0.308,42.168,76.6,4.001,4.925,5.848,2.6,1.3,23.4,93.5,66.2,89.6,87.0,48.1
Jonathan David,Canada,Center Forward,FWD,202.0,0.363,3.571,0.0,26.339,72.9,1.786,4.018,2.232,77.9,89.6,7.1,51.9,45.5,49.4,75.3,6.5
João Félix Sequeira,Portugal,Left Wing,FWD,340.0,0.177,2.91,0.265,32.275,77.0,2.381,2.381,3.439,44.2,80.5,16.9,70.1,70.1,66.2,24.7,18.2
Julián Álvarez,Argentina,Left Center Forward,FWD,485.0,0.354,2.04,0.371,22.996,75.0,0.742,2.967,6.305,76.6,54.5,31.2,42.9,53.9,15.6,46.8,55.8
Kevin De Bruyne,Belgium,Right Wing,FWD,284.0,0.056,2.217,2.533,44.335,71.4,2.217,4.75,3.167,15.6,64.9,97.4,94.8,40.9,63.6,85.7,14.3
Kieffer Roberto Francisco Moore,Wales,Left Center Forward,FWD,251.0,0.229,2.15,1.433,21.497,68.3,0.0,1.433,9.315,54.5,58.4,77.9,35.1,24.7,3.9,5.2,89.6
Kingsley Coman,France,Right Wing,FWD,208.0,0.038,0.434,0.434,30.361,77.1,5.205,3.904,7.373,7.8,3.9,39.0,63.6,71.4,94.8,70.1,74.0
Krépin Diatta,Senegal,Right Wing,FWD,182.0,0.064,1.484,1.484,37.603,81.6,2.474,5.937,3.463,20.8,36.4,80.5,84.4,90.3,68.8,94.8,19.5
Kylian Mbappé Lottin,France,Left Wing,FWD,656.0,0.581,4.256,1.236,31.986,77.3,6.864,4.118,1.236,92.2,98.7,70.1,67.5,72.7,98.7,76.6,2.6
Lautaro Javier Martínez,Argentina,Left Center Forward,FWD,282.0,0.678,4.476,0.0,20.142,73.0,2.558,1.918,2.877,98.7,100.0,7.1,28.6,46.8,70.1,15.6,11.7
Lionel Andrés Messi Cuccittini,Argentina,Right Center Forward,FWD,876.0,0.62,3.287,1.644,38.112,82.5,3.698,3.493,2.055,93.5,85.7,85.7,85.7,92.2,83.1,59.7,5.2
Marco Asensio Willemsen,Spain,Center Forward,FWD,237.0,0.231,3.799,0.76,44.449,78.6,1.14,1.9,1.9,55.8,93.5,53.2,96.1,83.1,28.6,14.3,3.9
Marcus Thuram,France,Center Forward,FWD,184.0,0.057,0.49,0.981,22.071,71.1,3.433,3.924,10.3,16.9,6.5,62.3,37.7,38.3,79.2,71.4,94.8
Mario Pašalić,Croatia,Right Wing,FWD,295.0,0.051,0.916,0.305,28.411,82.8,1.527,3.666,10.692,13.0,16.9,22.1,59.7,93.5,41.6,63.6,97.4
Marko Livaja,Croatia,Center Forward,FWD,259.0,0.344,2.084,0.347,19.799,61.4,1.389,2.779,4.863,75.3,57.1,28.6,24.7,9.1,32.5,40.3,35.1
Memphis Depay,Netherlands,Left Center Forward,FWD,316.0,0.337,2.852,0.856,36.217,75.6,3.707,2.281,3.992,74.0,79.2,57.1,79.2,58.4,84.4,20.8,29.9
Michael Steveen Estrada Martínez,Ecuador,Center Forward,FWD,226.0,0.098,1.195,0.398,17.131,69.8,0.797,1.594,11.554,31.2,26.0,32.5,14.3,29.9,18.2,6.5,98.7
Mislav Oršić,Croatia,Left Wing,FWD,194.0,0.128,4.171,1.39,25.489,76.4,1.39,2.317,3.244,37.7,96.8,72.7,50.6,63.6,34.4,22.1,15.6
Mitchell Thomas Duke,Australia,Right Center Forward,FWD,272.0,0.084,2.314,0.331,22.475,52.9,0.661,3.966,8.924,27.3,66.2,27.3,40.3,2.6,14.3,72.7,87.0
Mohammed Kudus,Ghana,Center Forward,FWD,255.0,0.233,2.825,0.0,28.953,74.4,5.296,9.886,6.355,57.1,77.9,7.1,61.0,50.0,96.1,100.0,57.1
Nikola Vlašić,Croatia,Right Wing,FWD,233.0,0.242,1.928,0.0,21.208,78.2,1.542,3.47,4.627,63.6,51.9,7.1,33.8,79.2,42.9,58.4,31.2
Olivier Giroud,France,Center Forward,FWD,433.0,0.631,3.536,0.416,15.6,65.3,0.0,0.624,6.24,94.8,87.0,36.4,10.4,16.9,3.9,1.3,51.9
Ousmane Dembélé,France,Right Wing,FWD,448.0,0.073,1.607,2.009,38.371,78.0,3.616,4.42,3.817,22.1,42.9,93.5,87.0,76.6,81.8,80.5,27.3
Randal Kolo Muani,France,Right Wing,FWD,206.0,0.553,1.748,0.0,15.728,69.4,3.058,2.621,8.738,89.6,45.5,7.1,11.7,27.3,75.3,35.1,84.4
Raphael Dias Belloli,Brazil,Right Wing,FWD,330.0,0.251,2.179,2.179,40.847,76.7,2.995,4.629,6.263,65.6,61.0,94.8,92.2,67.5,74.0,83.1,53.2
Richarlison de Andrade,Brazil,Center Forward,FWD,328.0,0.443,2.193,1.371,14.804,72.2,1.919,4.935,6.579,81.8,63.6,71.4,7.8,44.2,53.2,88.3,59.7
Riley McGree,Australia,Right Center Forward,FWD,267.0,0.027,1.013,1.013,24.644,78.1,0.338,3.376,8.777,3.9,22.1,63.6,45.5,77.9,9.1,57.1,85.7
Ritsu Doan,Japan,Right Wing,FWD,232.0,0.224,1.552,0.776,22.122,64.9,3.881,5.045,10.479,53.2,39.0,54.5,39.0,14.3,87.0,89.6,96.1
Robert Lewandowski,Poland,Center Forward,FWD,390.0,0.722,2.771,0.924,21.011,71.4,2.309,2.771,9.697,100.0,75.3,59.7,31.2,40.9,64.9,39.0,93.5
Ruben Vargas,Switzerland,Left Wing,FWD,287.0,0.093,0.941,1.568,35.762,71.1,0.627,2.823,5.647,29.9,18.2,84.4,77.9,38.3,13.0,43.5,44.2
Saleh Khalid Al Shehri,Saudi Arabia,Center Forward,FWD,223.0,0.059,1.209,0.403,18.54,69.6,2.015,3.224,7.255,18.2,27.3,35.1,22.1,28.6,57.1,54.5,71.4
Sardar Azmoun,Iran,Center Forward,FWD,190.0,0.456,2.372,0.474,15.182,56.2,0.0,0.949,5.219,83.8,67.5,42.2,9.1,6.5,3.9,3.9,40.3
Serge Gnabry,Germany,Right Wing,FWD,273.0,0.24,3.952,1.647,37.212,75.2,1.976,6.257,6.915,61.0,94.8,87.0,81.8,57.1,54.5,96.1,66.2
Sofiane Boufal,Morocco,Left Wing,FWD,477.0,0.06,1.322,0.755,25.304,79.9,3.777,3.21,6.609,19.5,29.9,51.9,49.4,85.7,85.7,53.2,61.0
Steven Bergwijn,Netherlands,Left Center Forward,FWD,219.0,0.14,0.821,0.0,29.138,91.5,1.642,2.052,2.462,39.0,15.6,7.1,62.3,100.0,48.1,18.2,7.8
Takuma Asano,Japan,Center Forward,FWD,190.0,0.235,3.793,0.474,13.751,75.9,0.474,3.793,5.69,58.4,92.2,42.2,3.9,62.3,10.4,67.5,45.5
Thomas Müller,Germany,Center Forward,FWD,202.0,0.121,1.339,2.679,32.143,75.0,0.0,1.786,7.589,35.1,31.2,98.7,68.8,53.9,3.9,10.4,76.6
Timothy Weah,United States,Right Wing,FWD,318.0,0.125,1.416,1.7,30.878,83.5,1.133,3.683,3.399,36.4,35.1,88.3,64.9,96.1,27.3,66.2,16.9
Vinícius José Paixão de Oliveira Júnior,Brazil,Left Wing,FWD,307.0,0.238,2.642,1.761,26.712,76.9,4.403,4.403,3.523,59.7,74.0,89.6,53.2,68.8,93.5,79.2,23.4
Xherdan Shaqiri,Switzerland,Right Wing,FWD,232.0,0.192,1.55,1.162,40.293,65.4,0.775,3.099,3.487,49.4,37.7,67.5,89.6,18.2,16.9,49.4,22.1
Youssef En-Nesyri,Morocco,Center Forward,FWD,554.0,0.17,1.787,0.162,12.349,63.2,1.462,2.437,6.824,41.6,46.8,14.3,2.6,11.7,39.0,27.3,63.6
Álvaro Borja Morata Martín,Spain,Center Forward,FWD,204.0,0.491,3.538,0.0,17.69,67.5,0.885,0.885,3.538,87.0,88.3,7.1,16.9,22.1,19.5,2.6,24.7
Alisson Ramsés Becker,Brazil,Goalkeeper,GK,398.0,0.0,0.0,0.0,21.24,85.1,0.0,5.197,0.0,51.6,51.6,48.4,3.1,87.5,46.9,81.2,40.6
Andries Noppert,Netherlands,Goalkeeper,GK,516.0,0.0,0.0,0.0,33.301,82.2,0.0,4.533,0.0,51.6,51.6,48.4,71.9,75.0,46.9,68.8,40.6
Aymen Dahmen,Tunisia,Goalkeeper,GK,297.0,0.0,0.0,0.0,23.365,62.3,0.0,2.124,0.0,51.6,51.6,48.4,18.8,25.0,46.9,3.1,40.6
Damián Emiliano Martínez,Argentina,Goalkeeper,GK,742.0,0.0,0.0,0.0,22.545,66.1,0.0,3.636,0.121,51.6,51.6,48.4,6.2,28.1,46.9,37.5,81.2
Devis Rogers Epassy Mboka,Cameroon,Goalkeeper,GK,196.0,0.0,0.0,0.0,38.512,66.7,0.0,5.96,0.0,51.6,51.6,48.4,93.8,31.2,46.9,96.9,40.6
Diogo Meireles Costa,Portugal,Goalkeeper,GK,489.0,0.0,0.0,0.184,29.246,69.8,0.0,2.943,0.0,51.6,51.6,96.9,43.8,45.3,46.9,18.8,40.6
Dominik Livaković,Croatia,Goalkeeper,GK,727.0,0.0,0.0,0.0,28.222,82.9,0.0,4.085,0.0,51.6,51.6,48.4,37.5,81.2,46.9,59.4,40.6
Edouard Mendy,Senegal,Goalkeeper,GK,387.0,0.0,0.0,0.0,27.195,76.9,0.0,3.719,0.232,51.6,51.6,48.4,34.4,59.4,46.9,43.8,87.5
Francisco Guillermo Ochoa Magaña,Mexico,Goalkeeper,GK,292.0,0.0,0.0,0.0,33.345,83.3,0.0,5.249,0.0,51.6,51.6,48.4,75.0,84.4,46.9,84.4,40.6
Hernán Ismael Galíndez,Ecuador,Goalkeeper,GK,288.0,0.0,0.0,0.0,24.037,57.1,0.0,4.058,0.0,51.6,51.6,48.4,21.9,12.5,46.9,56.2,40.6
Hugo Lloris,France,Goalkeeper,GK,616.0,0.0,0.0,0.0,26.582,61.0,0.0,2.337,0.0,51.6,51.6,48.4,28.1,18.8,46.9,6.2,40.6
Jordan Pickford,England,Goalkeeper,GK,486.0,0.0,0.0,0.0,29.79,78.3,0.0,2.961,0.0,51.6,51.6,48.4,59.4,68.8,46.9,21.9,40.6
Kasper Schmeichel,Denmark,Goalkeeper,GK,291.0,0.0,0.0,0.0,26.926,82.8,0.0,4.642,0.0,51.6,51.6,48.4,31.2,78.1,46.9,71.9,40.6
Keylor Navas Gamboa,Costa Rica,Goalkeeper,GK,294.0,0.0,0.0,0.0,30.876,54.5,0.0,5.808,0.306,51.6,51.6,48.4,65.6,9.4,46.9,90.6,98.4
Lawrence Ati-Zigi,Ghana,Goalkeeper,GK,301.0,0.0,0.0,0.0,22.709,67.1,0.0,2.39,0.0,51.6,51.6,48.4,9.4,34.4,46.9,9.4,40.6
Manuel Neuer,Germany,Goalkeeper,GK,294.0,0.0,0.0,0.0,37.653,90.2,0.0,2.755,0.306,51.6,51.6,48.4,87.5,93.8,46.9,15.6,98.4
Mathew Ryan,Australia,Goalkeeper,GK,387.0,0.0,0.0,0.0,37.917,68.7,0.233,4.652,0.233,51.6,51.6,48.4,90.6,37.5,96.9,75.0,90.6
Matthew Charles Turner,United States,Goalkeeper,GK,391.0,0.0,0.0,0.0,28.98,77.8,0.0,3.91,0.0,51.6,51.6,48.4,40.6,62.5,46.9,53.1,40.6
Meshaal Aissa Barsham,Qatar,Goalkeeper,GK,192.0,0.0,0.0,0.469,29.531,69.8,0.0,3.75,0.0,51.6,51.6,100.0,46.9,45.3,46.9,46.9,40.6
Milan Borjan,Canada,Goalkeeper,GK,285.0,0.0,0.0,0.0,30.326,78.1,0.0,6.002,0.0,51.6,51.6,48.4,62.5,65.6,46.9,100.0,40.6
Mohammed Khalil Al Owais,Saudi Arabia,Goalkeeper,GK,298.0,0.0,0.0,0.0,29.548,54.1,0.0,4.523,0.0,51.6,51.6,48.4,50.0,6.2,46.9,65.6,40.6
Sergio Rochet Álvarez,Uruguay,Goalkeeper,GK,298.0,0.0,0.0,0.0,22.945,69.7,0.0,3.321,0.302,51.6,51.6,48.4,12.5,40.6,46.9,28.1,93.8
Seung-Gyu Kim,South Korea,Goalkeeper,GK,390.0,0.0,0.0,0.0,29.561,73.4,0.0,3.464,0.231,51.6,51.6,48.4,53.1,53.1,46.9,34.4,84.4
Seyed Hossein Hosseini,Iran,Goalkeeper,GK,186.0,0.0,0.0,0.0,23.226,45.8,0.0,4.839,0.0,51.6,51.6,48.4,15.6,3.1,46.9,78.1,40.6
Shūichi Gonda,Japan,Goalkeeper,GK,416.0,0.0,0.0,0.0,24.447,61.1,0.0,3.029,0.0,51.6,51.6,48.4,25.0,21.9,46.9,25.0,40.6
Thibaut Courtois,Belgium,Goalkeeper,GK,284.0,0.0,0.0,0.0,38.635,89.3,0.317,3.8,0.0,51.6,51.6,48.4,96.9,90.6,100.0,50.0,40.6
Unai Simón Mendibil,Spain,Goalkeeper,GK,416.0,0.0,0.0,0.0,34.142,93.7,0.0,2.593,0.0,51.6,51.6,48.4,81.2,100.0,46.9,12.5,40.6
Vanja Milinković Savić,Serbia,Goalkeeper,GK,294.0,0.0,0.0,0.0,38.931,72.4,0.0,5.824,0.0,51.6,51.6,48.4,100.0,50.0,46.9,93.8,40.6
Wayne Hennessey,Wales,Goalkeeper,GK,200.0,0.0,0.0,0.0,29.745,78.8,0.0,5.408,0.0,51.6,51.6,48.4,56.2,71.9,46.9,87.5,40.6
Wojciech Szczęsny,Poland,Goalkeeper,GK,390.0,0.0,0.0,0.0,33.71,60.3,0.231,4.156,0.0,51.6,51.6,48.4,78.1,15.6,93.8,62.5,40.6
Yann Sommer,Switzerland,Goalkeeper,GK,286.0,0.0,0.0,0.0,36.792,91.5,0.0,3.459,0.0,51.6,51.6,48.4,84.4,96.9,46.9,31.2,40.6
Yassine Bounou,Morocco,Goalkeeper,GK,606.0,0.0,0.0,0.0,31.204,74.3,0.0,3.715,0.0,51.6,51.6,48.4,68.8,56.2,46.9,40.6,40.6
Aaron Mooy,Australia,Left Defensive Midfield,MID,387.0,0.009,0.233,0.233,50.943,78.1,1.163,7.444,8.607,19.8,9.4,18.8,62.5,25.0,58.3,97.9,75.0
Aaron Ramsey,Wales,Right Center Midfield,MID,281.0,0.008,0.32,0.32,35.181,78.2,2.878,4.478,5.117,17.2,16.7,26.0,20.8,26.0,93.8,54.2,20.8
Abdelhamid Sabiri,Morocco,Left Center Midfield,MID,197.0,0.056,1.371,0.914,26.511,79.3,0.457,1.371,8.685,60.4,78.1,70.8,9.4,32.3,24.0,2.1,76.0
Abdulaziz Hatem Mohammed Abdullah,Qatar,Left Center Midfield,MID,208.0,0.011,0.434,0.434,39.47,79.1,0.434,1.301,2.602,21.9,33.3,33.3,33.3,30.2,21.9,1.0,2.1
Abdulelah Saad Hameed Al-Malki,Saudi Arabia,Center Defensive Midfield,MID,189.0,0.066,0.954,0.0,41.017,82.6,0.0,5.246,7.631,62.5,63.5,8.3,37.5,47.9,5.7,74.0,62.5
Adrien Rabiot,France,Left Defensive Midfield,MID,529.0,0.124,1.53,0.17,48.451,86.3,0.51,4.08,9.01,81.8,83.3,16.7,55.2,69.8,29.2,38.5,81.2
Ahmad Nourollahi,Iran,Right Defensive Midfield,MID,224.0,0.032,2.006,0.0,22.069,70.9,1.605,6.821,7.222,41.7,91.7,8.3,5.2,11.5,70.8,92.7,55.2
Alexis Mac Allister,Argentina,Left Center Midfield,MID,559.0,0.081,1.127,1.127,43.616,89.3,0.966,4.667,8.047,73.4,70.8,80.2,44.8,81.8,52.1,58.3,66.7
Ali Gholizadeh,Iran,Right Midfield,MID,211.0,0.018,0.427,0.427,31.182,64.4,2.99,6.407,5.126,27.1,31.2,32.3,13.5,4.2,94.8,86.5,21.9
Alphonso Davies,Canada,Left Midfield,MID,285.0,0.293,1.264,1.264,36.013,71.9,6.95,6.634,5.686,94.8,76.0,87.0,24.0,12.5,97.9,88.5,31.2
André Ayew Pelé,Ghana,Center Attacking Midfield,MID,199.0,0.573,0.904,0.0,16.717,83.8,0.904,2.259,10.843,99.0,61.5,8.3,1.0,53.1,44.8,8.3,93.8
André-Frank Zambo Anguissa,Cameroon,Right Center Midfield,MID,277.0,0.015,0.325,0.0,43.601,85.8,0.976,3.254,6.833,24.5,17.7,8.3,43.8,67.7,53.1,21.9,46.9
Antoine Griezmann,France,Center Attacking Midfield,MID,586.0,0.076,0.921,2.61,49.599,78.9,1.228,3.839,7.217,68.2,62.5,97.9,61.5,29.2,61.5,32.3,54.2
Aurélien Djani Tchouaméni,France,Right Defensive Midfield,MID,664.0,0.054,0.814,0.814,63.734,91.7,0.407,5.017,5.695,59.4,56.2,64.6,83.3,91.7,20.8,64.6,32.3
Axel Witsel,Belgium,Left Defensive Midfield,MID,284.0,0.008,0.317,0.317,55.735,96.0,0.0,3.167,7.284,17.2,15.6,25.0,69.8,100.0,5.7,17.7,58.3
Azzedine Ounahi,Morocco,Right Center Midfield,MID,630.0,0.035,0.856,0.856,38.113,82.8,1.713,4.853,4.996,44.3,58.3,67.7,27.1,49.0,72.9,60.4,19.8
Aïssa Bilal Laïdouni,Tunisia,Left Defensive Midfield,MID,257.0,0.028,0.7,1.049,41.625,81.5,1.399,8.045,11.193,36.5,47.9,77.1,40.6,43.8,65.6,99.0,96.9
Bernardo Mota Veiga de Carvalho e Silva,Portugal,Right Center Midfield,MID,382.0,0.026,0.236,1.178,68.778,88.7,1.178,6.124,4.711,35.4,10.4,81.2,88.5,79.2,59.4,85.4,12.5
Carlos Henrique Casimiro,Brazil,Left Defensive Midfield,MID,412.0,0.079,1.964,0.873,56.305,84.1,0.436,3.274,10.694,70.3,90.6,69.8,75.0,54.2,22.9,22.9,92.7
Celso Borges Mora,Costa Rica,Right Defensive Midfield,MID,260.0,0.0,0.0,0.346,39.115,83.2,0.692,3.462,10.385,3.6,3.6,28.1,31.2,51.0,36.5,27.1,89.6
Christian Dannemann Eriksen,Denmark,Left Center Midfield,MID,291.0,0.048,1.238,2.785,71.492,83.5,1.857,4.952,5.571,51.0,75.0,99.0,91.7,52.1,77.1,62.5,28.1
Cody Mathès Gakpo,Netherlands,Center Attacking Midfield,MID,543.0,0.093,0.829,1.658,25.53,63.6,2.155,3.813,6.134,76.6,57.3,89.6,7.3,3.1,87.5,31.2,35.4
Craig Goodwin,Australia,Left Midfield,MID,242.0,0.076,0.745,1.862,35.002,60.6,0.0,2.979,8.192,68.2,50.0,94.8,19.8,2.1,5.7,14.6,67.7
Davy Klaassen,Netherlands,Center Attacking Midfield,MID,201.0,0.193,0.894,0.447,36.215,74.1,0.0,2.683,4.024,90.6,60.4,36.5,25.0,14.6,5.7,11.5,7.3
Declan Rice,England,Center Defensive Midfield,MID,450.0,0.0,0.0,0.2,65.458,93.6,0.601,4.004,6.406,3.6,3.6,17.7,85.4,97.9,30.2,37.5,40.6
Djibril Sow,Switzerland,Center Attacking Midfield,MID,267.0,0.051,0.673,0.673,32.648,90.7,0.337,3.366,4.039,57.8,46.9,50.0,15.6,85.4,15.6,24.0,8.3
Dušan Tadić,Serbia,Right Attacking Midfield,MID,271.0,0.02,0.332,2.326,41.528,70.4,2.658,2.658,4.983,29.2,18.8,95.8,38.5,10.4,92.7,10.4,18.8
Edson Omar Álvarez Velázquez,Mexico,Center Defensive Midfield,MID,183.0,0.007,0.491,0.491,53.548,78.0,0.491,3.93,12.282,14.6,36.5,40.6,66.7,24.0,28.1,35.4,100.0
Ehsan Hajsafi,Iran,Left Midfield,MID,250.0,0.025,0.36,0.72,35.654,64.6,0.72,2.881,5.402,34.4,25.0,54.2,22.9,5.2,38.5,13.5,26.0
Ellyes Joris Skhiri,Tunisia,Right Defensive Midfield,MID,297.0,0.031,0.607,0.607,38.84,85.2,1.214,7.283,8.496,40.6,38.5,45.8,29.2,66.7,60.4,96.9,74.0
Enzo Fernandez,Argentina,Center Defensive Midfield,MID,610.0,0.039,1.181,0.738,69.378,88.5,0.886,4.576,8.266,45.8,72.9,55.7,90.6,78.1,43.8,56.2,69.8
Ethan Ampadu,Wales,Center Defensive Midfield,MID,265.0,0.005,0.339,0.678,48.85,76.4,1.357,4.41,12.213,10.4,19.8,51.0,56.2,19.3,64.6,50.0,99.0
Federico Santiago Valverde Dipetta,Uruguay,Right Center Midfield,MID,298.0,0.035,2.113,1.208,56.156,81.7,0.906,4.227,7.85,44.3,95.8,83.3,74.0,44.8,45.8,45.8,64.6
Firas Tariq Nasser Al Albirakan,Saudi Arabia,Right Midfield,MID,282.0,0.04,0.637,0.0,21.982,66.7,1.593,3.504,6.372,46.9,43.8,8.3,4.2,6.2,69.8,28.1,39.6
Frenkie de Jong,Netherlands,Left Defensive Midfield,MID,506.0,0.128,0.356,0.533,64.718,89.8,1.956,4.089,6.578,83.3,24.0,42.7,84.4,84.4,81.2,39.6,42.7
Granit Xhaka,Switzerland,Left Defensive Midfield,MID,386.0,0.069,1.397,0.466,55.886,87.9,0.233,2.096,6.986,64.6,80.2,38.5,70.8,73.4,12.5,6.2,49.0
Grzegorz Krychowiak,Poland,Left Defensive Midfield,MID,348.0,0.006,0.259,0.517,32.845,76.4,0.259,4.914,8.793,12.5,11.5,41.7,16.7,19.3,13.5,61.5,78.1
Hassan Khalid Al Heidos,Qatar,Right Center Midfield,MID,209.0,0.007,0.43,0.861,33.142,81.8,2.582,5.165,4.735,14.6,32.3,68.8,17.7,46.4,91.7,70.3,13.5
Hidemasa Morita,Japan,Left Defensive Midfield,MID,348.0,0.049,0.775,0.775,41.578,79.5,0.775,5.165,7.489,53.6,52.1,60.4,39.6,33.9,39.6,70.3,61.5
Idrissa Gana Gueye,Senegal,Center Attacking Midfield,MID,293.0,0.102,1.229,0.307,40.239,80.9,0.614,5.529,6.143,79.7,74.0,22.9,35.4,39.6,31.2,80.2,36.5
In-Beom Hwang,South Korea,Left Defensive Midfield,MID,359.0,0.05,1.505,0.753,61.974,80.6,1.004,6.774,6.022,55.7,82.3,59.4,80.2,38.0,54.2,91.7,33.3
Jae-Sung Lee,South Korea,Center Attacking Midfield,MID,212.0,0.009,0.424,0.848,40.697,87.5,0.848,3.391,9.326,19.8,29.2,66.7,36.5,71.9,41.7,26.0,84.4
Jakub Kamiński,Poland,Right Midfield,MID,254.0,0.093,1.42,0.71,20.938,59.3,2.129,5.678,5.323,76.6,81.2,53.1,3.1,1.0,85.4,81.2,25.0
Jhegson Sebastián Méndez Carabalí,Ecuador,Right Defensive Midfield,MID,191.0,0.0,0.0,0.94,66.301,92.2,0.47,6.113,4.702,3.6,3.6,71.9,86.5,94.8,26.0,84.4,11.5
Jordan Brian Henderson,England,Right Center Midfield,MID,280.0,0.048,0.642,1.284,53.3,84.9,0.642,1.927,3.853,51.0,44.8,88.5,65.6,64.6,33.3,5.2,5.2
Joshua Kimmich,Germany,Right Defensive Midfield,MID,294.0,0.102,2.143,2.449,82.959,84.5,0.918,5.204,6.429,79.7,96.9,96.9,95.8,57.8,49.0,72.9,41.7
Jude Bellingham,England,Left Center Midfield,MID,442.0,0.171,1.019,0.611,56.021,88.0,2.241,6.722,8.352,89.6,67.7,46.9,71.9,75.0,88.5,90.6,70.8
Karim Boudiaf,Qatar,Center Defensive Midfield,MID,196.0,0.0,0.0,0.0,49.183,87.9,0.919,3.218,5.516,3.6,3.6,8.3,58.3,73.4,50.0,20.8,27.1
Krystian Bielik,Poland,Right Defensive Midfield,MID,240.0,0.051,0.75,0.0,36.735,91.8,1.499,2.624,11.245,57.8,51.0,8.3,26.0,92.7,68.8,9.4,97.9
Leandro Daniel Paredes,Argentina,Center Defensive Midfield,MID,244.0,0.005,0.369,0.738,88.525,94.6,0.0,3.689,9.221,10.4,26.0,55.7,99.0,99.0,5.7,29.2,82.3
Lucas Tolentino Coelho de Lima,Brazil,Right Defensive Midfield,MID,417.0,0.152,0.863,1.078,43.566,85.1,0.647,2.157,4.745,85.4,59.4,78.1,42.7,65.6,34.4,7.3,14.6
Luis Gerardo Chávez Magallón,Mexico,Left Defensive Midfield,MID,292.0,0.067,3.087,1.235,44.46,72.2,0.926,4.322,7.101,63.5,99.0,84.4,46.9,13.5,51.0,46.9,51.0
Luka Modrić,Croatia,Right Center Midfield,MID,676.0,0.046,0.799,0.799,73.092,84.3,1.331,5.192,5.592,47.9,55.2,63.5,92.7,55.2,63.5,71.9,30.2
Marcelo Brozović,Croatia,Center Defensive Midfield,MID,573.0,0.092,0.628,0.785,83.046,89.2,1.256,5.338,8.477,75.0,42.2,62.5,96.9,80.2,62.5,77.1,72.9
Marten de Roon,Netherlands,Right Defensive Midfield,MID,196.0,0.0,0.0,0.0,56.078,81.1,0.0,1.379,10.572,3.6,3.6,8.3,72.9,41.7,5.7,3.1,91.7
Mason Mount,England,Center Attacking Midfield,MID,205.0,0.08,1.755,0.439,32.472,86.5,1.755,3.072,5.266,71.9,87.5,35.4,14.6,70.8,75.0,15.6,24.0
Mateo Kovačić,Croatia,Left Center Midfield,MID,650.0,0.048,0.415,1.246,63.148,91.2,1.939,4.431,6.786,51.0,28.1,85.4,82.3,87.5,79.2,52.1,45.8
Mathew Leckie,Australia,Right Midfield,MID,341.0,0.03,0.264,0.264,27.201,67.0,3.697,4.225,9.507,39.6,12.5,20.8,10.4,7.3,95.8,44.8,86.5
Matías Vecino Falero,Uruguay,Left Center Midfield,MID,206.0,0.023,0.438,0.438,45.066,79.6,0.875,4.375,10.938,30.7,34.4,34.4,50.0,35.4,42.7,49.0,95.8
Mehdi Taremi,Iran,Center Attacking Midfield,MID,305.0,0.407,1.77,1.77,24.189,74.4,1.475,4.13,8.26,95.8,88.5,90.6,6.2,15.6,66.7,42.7,68.8
Mohammed Kanoo,Saudi Arabia,Left Center Midfield,MID,298.0,0.096,1.81,0.0,43.748,81.4,2.414,5.431,8.75,78.1,89.6,8.3,45.8,42.7,90.6,79.2,77.1
Moisés Isaac Caicedo Corozo,Ecuador,Left Defensive Midfield,MID,282.0,0.208,0.956,0.0,49.062,83.1,0.319,5.097,7.327,91.7,64.6,8.3,57.3,50.0,14.6,66.7,59.4
Nampalys Mendy,Senegal,Left Defensive Midfield,MID,294.0,0.029,0.611,0.306,49.524,89.5,0.917,5.808,4.891,38.0,39.6,21.9,60.4,83.3,47.9,82.3,16.7
Neymar da Silva Santos Junior,Brazil,Center Attacking Midfield,MID,285.0,0.673,3.791,1.264,49.28,78.8,6.634,4.107,3.159,100.0,100.0,87.0,59.4,28.1,96.9,41.7,4.2
Otávio Edmilson da Silva Monteiro,Portugal,Left Center Midfield,MID,197.0,0.047,1.368,1.824,59.726,77.1,0.912,4.103,4.559,49.0,77.1,92.7,77.1,22.9,46.9,40.6,9.4
Pablo Martín Páez Gavira,Spain,Right Center Midfield,MID,293.0,0.017,0.307,0.613,46.933,88.2,2.147,4.601,6.748,26.0,14.6,47.9,51.0,76.0,86.5,57.3,44.8
Pedro González López,Spain,Left Center Midfield,MID,375.0,0.0,0.0,1.2,102.267,92.7,2.401,6.962,4.801,3.6,3.6,82.3,100.0,96.4,89.6,94.8,15.6
Pierre-Emile Højbjerg,Denmark,Right Center Midfield,MID,291.0,0.007,0.619,0.309,69.326,89.3,0.619,5.88,8.356,14.6,40.6,24.0,89.6,81.8,32.3,83.3,71.9
Piotr Zieliński,Poland,Right Center Midfield,MID,344.0,0.153,0.784,1.829,39.983,81.0,1.045,3.92,4.965,86.5,54.2,93.8,34.4,40.6,56.2,34.4,17.7
Przemysław Frankowski,Poland,Left Midfield,MID,254.0,0.015,0.354,0.354,25.815,69.9,0.354,3.89,7.073,24.5,22.9,30.2,8.3,9.4,17.7,33.3,50.0
Remo Freuler,Switzerland,Right Defensive Midfield,MID,346.0,0.142,0.78,0.0,38.757,84.6,1.04,4.422,7.283,84.4,53.1,8.3,28.1,59.9,55.2,51.0,57.3
Rodrigo Bentancur Colmán,Uruguay,Center Defensive Midfield,MID,232.0,0.241,1.165,0.777,61.372,84.8,1.942,6.603,10.099,93.8,71.9,61.5,78.1,62.5,80.2,87.5,87.5
Rodrigo Javier De Paul,Argentina,Right Center Midfield,MID,634.0,0.081,0.993,0.993,79.858,84.4,1.844,5.248,5.248,73.4,66.7,75.0,94.8,56.2,76.0,75.0,22.9
Rúben Diogo Da Silva Neves,Portugal,Center Defensive Midfield,MID,274.0,0.029,0.656,0.984,84.98,91.9,0.0,3.937,5.578,38.0,45.8,72.9,97.9,93.8,5.7,36.5,29.2
Saeid Ezatolahi Afagh,Iran,Left Defensive Midfield,MID,240.0,0.023,1.124,0.749,34.846,76.3,0.0,3.372,7.119,30.7,69.8,58.3,18.8,17.7,5.7,25.0,52.1
Salem Mohammed Al Dawsari,Saudi Arabia,Left Midfield,MID,298.0,0.472,2.111,1.809,35.276,78.6,2.111,5.126,3.92,96.9,94.8,91.7,21.9,27.1,83.3,67.7,6.2
Salis Abdul Samed,Ghana,Left Defensive Midfield,MID,265.0,0.009,0.34,0.34,48.245,91.5,1.699,5.096,10.872,19.8,20.8,27.1,54.2,90.6,71.9,65.6,94.8
Saša Lukić,Serbia,Right Defensive Midfield,MID,262.0,0.014,0.344,0.0,55.734,88.3,0.344,5.161,7.225,22.9,21.9,8.3,68.8,77.1,16.7,68.8,56.2
Selim Amallah,Morocco,Left Center Midfield,MID,424.0,0.024,0.425,0.637,18.692,79.5,2.124,3.186,10.408,32.8,30.2,49.0,2.1,33.9,84.4,19.8,90.6
Sergej Milinković-Savić,Serbia,Left Attacking Midfield,MID,242.0,0.074,1.113,0.0,44.536,75.0,1.113,7.052,8.907,66.7,68.8,8.3,47.9,16.7,57.3,95.8,79.2
Sergio Busquets i Burgos,Spain,Center Defensive Midfield,MID,382.0,0.024,0.471,0.707,68.36,91.4,0.471,2.829,6.129,32.8,35.4,52.1,87.5,89.1,27.1,12.5,34.4
Sofyan Amrabat,Morocco,Center Defensive Midfield,MID,737.0,0.003,0.122,0.244,39.465,84.8,0.122,5.376,7.453,7.8,7.3,19.8,32.3,62.5,11.5,78.1,60.4
Steven Berghuis,Netherlands,Center Attacking Midfield,MID,219.0,0.079,2.057,0.823,52.651,76.6,2.057,3.702,2.879,70.3,93.8,65.6,64.6,20.8,82.3,30.2,3.1
Tajon Buchanan,Canada,Right Midfield,MID,270.0,0.238,1.666,1.0,29.322,69.3,7.664,4.998,4.665,92.7,86.5,76.0,11.5,8.3,99.0,63.5,10.4
Teun Koopmeiners,Netherlands,Right Defensive Midfield,MID,249.0,0.033,0.723,0.362,43.408,79.2,0.362,4.341,7.958,42.7,49.0,31.2,41.7,31.2,18.8,47.9,65.6
Thomas Teye Partey,Ghana,Right Defensive Midfield,MID,301.0,0.07,0.598,0.598,54.084,84.5,1.494,4.183,9.263,65.6,37.5,44.8,67.7,57.8,67.7,43.8,83.3
Tyler Adams,United States,Center Defensive Midfield,MID,391.0,0.005,0.23,0.46,61.871,91.4,0.46,6.67,8.97,10.4,8.3,37.5,79.2,89.1,25.0,89.6,80.2
Wataru Endo,Japan,Right Defensive Midfield,MID,330.0,0.05,1.639,1.093,51.077,81.8,0.819,6.829,10.379,55.7,84.4,79.2,63.5,46.4,40.6,93.8,88.5
Weston McKennie,United States,Left Center Midfield,MID,274.0,0.124,1.645,0.987,48.044,80.1,0.658,5.265,6.252,81.8,85.4,74.0,53.1,36.5,35.4,76.0,38.5
William Silva de Carvalho,Portugal,Left Center Midfield,MID,236.0,0.019,0.381,0.0,62.87,92.7,0.381,1.905,6.859,28.1,27.1,8.3,81.2,96.4,19.8,4.2,47.9
Woo-Young Jung,South Korea,Right Defensive Midfield,MID,318.0,0.003,0.283,0.566,58.868,86.1,0.0,4.811,7.642,7.8,13.5,43.8,76.0,68.8,5.7,59.4,63.5
Yeltsin Ignacio Tejeda Valverde,Costa Rica,Left Defensive Midfield,MID,287.0,0.164,0.628,0.0,30.775,80.6,0.0,3.14,9.421,88.5,42.2,8.3,12.5,38.0,5.7,16.7,85.4
Youssouf Fofana,France,Left Defensive Midfield,MID,259.0,0.058,1.392,0.348,38.964,84.8,0.696,4.523,6.61,61.5,79.2,29.2,30.2,62.5,37.5,55.2,43.8
Yunus Dimoara Musah,United States,Right Center Midfield,MID,365.0,0.049,0.987,0.74,44.889,84.6,1.727,4.44,7.153,53.6,65.6,57.3,49.0,59.9,74.0,53.1,53.1
Ángel Fabián Di María Hernández,Argentina,Right Midfield,MID,312.0,0.154,2.022,2.889,47.384,76.8,8.379,3.178,2.6,87.5,92.7,100.0,52.1,21.9,100.0,18.8,1.0
İlkay Gündoğan,Germany,Left Defensive Midfield,MID,190.0,0.535,2.842,0.474,77.211,90.8,1.895,8.526,6.158,97.9,97.9,39.6,93.8,86.5,78.1,100.0,37.5
